id,verb,auxiliary,participle,translation,level,createdAt,updatedAt,deletedAt
1,Hören,haben,gehört,Escuchar,A1.1,12/06/20,,
2,Fahren,sein,gefahren,Ir / Andar / Pilotear / Viajar en,A1.1,12/06/20,,
3,Lernen,haben,gelernt,Aprender,A1.1,12/06/20,,
4,Denken,haben,gedacht,Pensar,A1.1,12/06/20,,
5,Meinen,haben,gemeint,Opinar,A1.1,12/06/20,,
6,Anfangen,haben,angefangen,Comenzar,A1.1,12/06/20,,
7,Geben,haben,gegeben,Dar,A1.1,12/06/20,,
8,Fliegen,sein,geflogen,Volar,A1.1,12/06/20,,
9,Springen,sein,gesprungen,Saltar,A1.1,12/06/20,,
10,Abbiegen,sein,abgebogen,Doblar / Virar / Desviarse,A1.2,12/06/20,,
11,Beschreiben,haben,beschrieben,Describir,A1.2,12/06/20,,
12,Weiterfahren,haben,weiterfahren,Continuar,A1.2,12/06/20,,
13,Wenden,haben,gewendet,Virar / Dar vuelta a ,A1.2,12/06/20,,
14,Zurückfahren,sein,zurückfahren,Volver / Regresar,A1.2,12/06/20,,
15,Anmachen,haben,angemacht,Encender / Sujetar,A1.2,12/06/20,,
16,Fragen,haben,gefracht,Preguntar,A1.2,12/06/20,,
17,Helfen,haben,geholfen,Ayudar,A1.2,12/06/20,,
18,Stimmen,haben,gestimmt,Concordar,A1.2,12/06/20,,
19,Vermieten,haben,vermietet,Alquilar,A1.2,12/06/20,,
20,Aussehen,haben,ausgesehen,Parecer / Aparentar,A1.2,12/06/20,,
21,Bezahlen,haben,bezahlt,Pagar,A1.2,12/06/20,,
22,Stehen,haben,gestanden,Estar de pie,A1.2,12/06/20,,
23,Danken,haben,gedankt,Agradecer,A1.2,12/06/20,,
24,Fehlen,haben,gefehlt,Equivocarse,A1.2,12/06/20,,
25,Gehören,haben,gehört,Pertenecer,A1.2,12/06/20,,
26,Rufen,haben,gerufen,Llamar,A1.2,12/06/20,,
27,Bringen,haben,gebracht,Llevar,A1.2,12/06/20,,
28,Funktionieren,haben,funktioniert,Funcionar,A1.2,12/06/20,,
29,Kümmern,haben,gekümmert,Preocuparse,A1.2,12/06/20,,
30,Reparieren,haben,repariert,Reparar,A1.2,12/06/20,,
31,Schicken,haben,geschickt,Enviar,A1.2,12/06/20,,
32,Absagen,haben,abgesagt,Cancelar / Suspender,A1.2,12/06/20,,
33,Vereinbaren,haben,vereinbart,Concertar / Ponerse de acuerdo,A1.2,12/06/20,,
34,Verschieben,haben,verschoben,Desplazar / Cambiar de sitio,A1.2,12/06/20,,
35,Passen,haben,gepasst,Pasar,A1.2,12/06/20,,
36,Ausmachen,haben,ausgemacht,Apagar,A1.2,12/06/20,,
37,Kennenlernen,haben,kennengelernt,Conocer,A1.2,12/06/20,,
38,Mitnehmen,haben,mitgenommen,Tomar,A1.2,12/06/20,,
39,Tun,haben,getan,Hacer,A1.2,12/06/20,,
40,Warten,haben,gewartet,Esperar,A1.2,12/06/20,,
41,Abschliessen,haben,abgeschlossen,Ultimar / Terminar,A1.2,12/06/20,,
42,Anmelden,haben,angemeldet,Solicitar / matricular / anotarse,A1.2,12/06/20,,
43,Verdienen,haben,Verdient,Ganar (dinero) / ameritar,A1.2,12/06/20,,
44,Werden,sein,geworden,Convertirse,A1.2,12/06/20,,
45,Wollen,haben,gewollt,Querer,A1.2,12/06/20,,
46,Heiraten,haben,geheiratet,Casarse,A1.2,12/06/20,,
47,Laufen,sein,gelaufen,Correr,A1.2,12/06/20,,
48,Rennen,sein,gerannt,Correr,A1.2,12/06/20,,
49,Reisen,sein,gereist,Viajar,A1.2,12/06/20,,
50,Putzen,haben,geputzt,Fregar,A1.2,12/06/20,,
51,Husten,haben,gehustet,Toser,A1.2,12/06/20,,
52,Wehtun,haben,Wehgetan,Hacer daño,A1.2,12/06/20,,
53,Bleiben,sein,geblieben,Quedarse,A1.2,12/06/20,,
54,Geben,haben,gegeben,Dar,A1.2,12/06/20,,
55,Sollen,haben,gesollt,"Deber (en el sentido de cumplir una orden, una ley o una tarea)",A1.2,12/06/20,,
56,Beschweren (sich),haben,sich beschwert,Quejarse,A1.2,12/06/20,,
57,Erkennen,haben,erkannt,Reconocer,A1.2,12/06/20,,
58,Geboren,sein,geboren,Nacer,A1.2,12/06/20,,
59,Vergessen,haben,vergessen,Olvidar,A1.2,12/06/20,,
60,Abtrocknen,haben,abgetrocknet,Secar,A1.2,12/06/20,,
61,Abwaschen,haben,abgewaschen,Lavar,A1.2,12/06/20,,
62,Spülen,haben,gespült,Lavar / Enjuagar,A1.2,12/06/20,,
63,Waschen,haben,gewaschen,Lavar,A1.2,12/06/20,,
64,Hassen,haben,gehasst,Odiar,A1.2,12/06/20,,
65,Zumachen,haben,zugemacht,Cerrar,A1.2,12/06/20,,
66,Achten,haben,geachtet,Prestar atención,A1.2,12/06/20,,
67,Hupen,haben,gehupt,Tocar la bocina,A1.2,12/06/20,,
68,Parken,haben,geparkt,Estacionar,A1.2,12/06/20,,
69,Schieben,haben,geschoben,Empujar / Mover,A1.2,12/06/20,,
70,Stehen bleiben,sein,stehen geblieben,Estacionar / Parar,A1.2,12/06/20,,
71,Tragen,haben,getragen,Llevar / Aguantar / Gastar,A1.2,12/06/20,,
72,Verstehen,haben,verstanden,Entender,A1.2,12/06/20,,
73,Aufstehen,sein,aufgestanden,Levantarse,A1.2,12/06/20,,
74,Baden,haben,gebadet,Bañarse,A1.2,12/06/20,,
75,Grillen,haben,gegrillt,Asar a la parrilla,A1.2,12/06/20,,
76,Klingeln,haben,geklingelt,Sonar / Llamar,A1.2,12/06/20,,
77,Müssen,haben,gemüsst,Deber,A1.2,12/06/20,,
78,Sitzen,haben,gesessen,Sentarse,A1.2,12/06/20,,
79,Anhaben,haben,angehabt,Llevar / Vestir,A1.2,12/06/20,,
80,Anziehen,haben,angezogen,Vestir / Atraer / Cautivar,A1.2,12/06/20,,
81,Erzählen,haben,erzählt,Decir / Describir / Narrar,A1.2,12/06/20,,
82,Regnen,haben,geregnet,Llover,A1.2,12/06/20,,
83,Schneien,haben,geschienen,Nevar,A1.2,12/06/20,,
84,Scheinen,haben,gescheinen,Nevar,A1.2,12/06/20,,
85,Bestehen,haben,bestanden,Sobrevenir,A1.2,12/06/20,,
86,Gratulieren,haben,gratuliert,Agradecer,A1.2,12/06/20,,
87,Schenken,haben,geschenkt,Dar / Prestar / Regalar,A1.2,12/06/20,,
88,Antworten,haben,geanwortet,Responder,A1.2,12/06/20,,
89,Gewinnen,haben,gewonnen,Ganar,A1.2,12/06/20,,
90,Umziehen,sein,umgezogen,Mudarse de casa,A1.2,12/06/20,,
91,Klettern,sein,geklettert,Subir / trepar,A2.1,12/06/20,,
92,Sammeln,haben,gesammelt,Reunir / Recopilar,A2.1,12/06/20,,
93,Streiten,haben,gestritten,Discutir,A2.1,12/06/20,,
94,Übernachten,haben,Übernachtet,Pasar la noche,A2.1,12/06/20,,
95,Verkaufen,haben,verkauft,Vender,A2.1,12/06/20,,
96,Zeichnen,haben,gezeichnet,Dibujar,A2.1,12/06/20,,
97,Aufmachen,haben,aufgemacht,Abrir  / Deshacer,A2.1,12/06/20,,
98,Aufpassen,haben,aufgepasst,Estar atento / Escuchar con atención / Espiar,A2.1,12/06/20,,
99,Klappen,haben,geklappt,Aplaudir,A2.1,12/06/20,,
100,Passieren,sein,Passiert,Suceder,A2.1,12/06/20,,
101,Rufen,haben,gerufen,Llamar,A2.1,12/06/20,,
102,Wachsen,sein,gewachsen,Crecer,A2.1,12/06/20,,
103,Einrichten,haben,eingerichtet,Establecer / organizar,A2.1,12/06/20,,
104,Hängen,haben,gehängt,Colgar,A2.1,12/06/20,,
105,Legen,haben,gelegt,Poner / Colocar,A2.1,12/06/20,,
106,Liegen,haben,gelegen,Estar colocado,A2.1,12/06/20,,
107,Renovieren,haben,renoviert,Renovar,A2.1,12/06/20,,
108,Stehen,haben,gestanden,Mantenerse de pie,A2.1,12/06/20,,
109,Stellen,haben,gestellt,Proporcionar / prestar,A2.1,12/06/20,,
110,Diskutieren,haben,diskutiert,Discutir,A2.1,12/06/20,,
111,Verstecken,haben,versteckt,Ocultar,A2.1,12/06/20,,
112,Anbieten,haben,angeboten,Ofrecer,A2.1,12/06/20,,
113,Beraten,haben,beraten,Aconsejar,A2.1,12/06/20,,
114,Beginnen,haben,begonnen,Empezar,A2.1,12/06/20,,
115,Buchen,haben,gebucht,Reservar,A2.1,12/06/20,,
116,Enden,haben,geendet,Terminar,A2.1,12/06/20,,
117,Erleben,haben,erlebt,Vivir (una experiencia de vida),A2.1,12/06/20,,
118,Mitmachen,haben,mitgemacht,Participar,A2.1,12/06/20,,
119,Liegen,haben,gelegen,Radicar,A2.1,12/06/20,,
120,Bestellen,haben,bestellt,Nombrar (oficialmente) / Encargar / Reservar,A2.1,12/06/20,,
121,Hoffen,haben,gehofft,Tener esperanza,A2.1,12/06/20,,
122,Besichtigen,haben,besichtigt,Reconocer / Visitar,A2.1,12/06/20,,
123,Interessieren (sich),haben,interessiert,Interesarse,A2.1,12/06/20,,
124,Wechseln,haben,gewechselt,"Cambiar (moneda, una rueda, etc)",A2.1,12/06/20,,
125,Abgeben,haben,abgegeben,Dejar / Entregar,A2.1,12/06/20,,
126,Ärgern (sich),haben,geärgert,Enojarse,A2.1,12/06/20,,
127,Sein,sein,gewesen,Ser,A2.1,12/06/20,,
128,Freuen,haben,gefreut,Alegrar,A2.1,12/06/20,,
129,Erleben,haben,erlebt,Vivir / Experimentar,A2.1,12/06/20,,
130,Stattfinden,haben,stattgefunden,Tener lugar / Acontecer,A2.1,12/06/20,,
131,Zahlen,haben,gezahlt,Pagar,A2.1,12/06/20,,
132,Ausmachen,haben,ausgemacht,Apagar,A2.1,12/06/20,,
133,Halten von,haben,gehalten,Sostener / Suponer / Pensar de,A2.1,12/06/20,,
134,Hinfahren,sein,hingefahren,Ir / Conducir a un lugar determinado,A2.1,12/06/20,,
135,Lessen,haben,gelassen,Leer,A2.1,12/06/20,,
136,Mitkommen,sein,mitgekommen,Venir / Acompañar,A2.1,12/06/20,,
137,Verabreden (sich),haben,verabredet,Fijar / Convenir,A2.1,12/06/20,,
138,Vorschlagen,haben,vorgeschlagen,Sugerir / Recomendar,A2.1,12/06/20,,
139,Abnehmen,haben,abgenommen,Bajar de peso,A2.1,12/06/20,,
140,Ausruhen,haben,ausgeruht,Descansar / Respirar,A2.1,12/06/20,,
141,Trainieren,haben,trainiert,Entrenar,A2.1,12/06/20,,
142,Wiegen,haben,gewogen,Ponderar,A2.1,12/06/20,,
143,Empfehlen,haben,empfohlen,Recomendar / Encomendar,A2.1,12/06/20,,
144,Leihen,haben,geliehen,Tomar prestado,A2.1,12/06/20,,
145,Öffnen,haben,geöffnet,Abrir,A2.1,12/06/20,,
146,Teilnehmen,haben,teilgenommen,Participar,A2.1,12/06/20,,
147,Bluten,haben,geblutet,Sangrar,A2.1,12/06/20,,
148,Operieren,haben,operiert,Operar,A2.1,12/06/20,,
149,Sterben,haben,gestorben,Morir,A2.1,12/06/20,,
150,Untersuchen,haben,untersucht,Investigar,A2.1,12/06/20,,
151,Verbinden,haben,verbunden,Unir / Juntar,A2.1,12/06/20,,
152,Hinfallen,sein,hingefallen,Caer,A2.1,12/06/20,,
153,Vertrauen,haben,vertraut,Confiar,A2.1,12/06/20,,
154,Sinken,sein,gesunken,Hundirse,A2.1,12/06/20,,
155,Sparen,haben,gespart,Ahorrar,A2.1,12/06/20,,
156,Steigen,haben,gestiegen,Elevar / Subir / Aumentar,A2.1,12/06/20,,
157,Erklären,haben,erklärt,Explicar,A2.1,12/06/20,,
158,Reservieren,haben,reserviert,Reservar,A2.1,12/06/20,,
159,Reagieren,haben,reagiert,Reaccionar,A2.1,12/06/20,,
160,Herstellen,haben,hergestellt,Hacer / Producir / Elaborar,A2.1,12/06/20,,
161,Organisieren,haben,organisiert,Organizar,A2.1,12/06/20,,
162,Verwenden,haben,verwendet,Usar / Aplicar,A2.1,12/06/20,,
163,Wegwerfen,haben,weggeworfen,Descartar,A2.1,12/06/20,,
164,Bedanken,haben,bedankt,Agradecer,A2.1,12/06/20,,
165,Wünschen,haben,gewünscht,Desear,A2.1,12/06/20,,
166,Erinnern,haben,erinnert,Recordar,A2.1,12/06/20,,
167,Fühlen,haben,gefühlt,Sentir,A2.1,12/06/20,,
168,Streiten,haben,gestritten,Discutir,A2.1,12/06/20,,
169,Unterhalten,haben,unterhalten,Entretener / Mantener,A2.1,12/06/20,,
170,Verlieren,haben,verloren,Perder,A2.1,12/06/20,,
171,Braten,haben,gebraten,Asar / Freir,A2.1,12/06/20,,
172,Ansehen,haben,angesehen,Mirar / Contemplar,A2.1,12/06/20,,
173,Aussuchen,haben,ausgesucht,Elegir / Entresacar,A2.1,12/06/20,,
174,Holen,haben,geholt,Ir a buscar a alguien / Obtener,A2.1,12/06/20,,
175,Überraschen,haben,Überrascht,Sorprender,A2.1,12/06/20,,
176,Verbrauchen,haben,verbrauchen,Consumir / Gastar,A2.1,12/06/20,,
177,Vorbereiten,haben,vorbereitet,Preparar,A2.1,12/06/20,,
178,Wundern,haben,gewundert,Maravillar / Sorprender,A2.1,12/06/20,,
179,Stecken Lassen,haben,stecken lassen,Dejar metido,A2.2,12/06/20,,
180,Anschauen,haben,angeschaut,Mirar,A2.2,12/06/20,,
181,Aufschreiben,haben,aufgeschrieben,Anotar,A2.2,12/06/20,,
182,Bewegen,haben,bewegt,Mover,A2.2,12/06/20,,
183,Korrigieren,haben,Korrigiert,Corregir,A2.2,12/06/20,,
184,Lösen,haben,gelöst,Solucionar,A2.2,12/06/20,,
185,Merken,haben,gemerkt,Notar / Advertir / Percatar,A2.2,12/06/20,,
186,Übersetzen,haben,übersetzt,Traducir,A2.2,12/06/20,,
187,Wiederholen,haben,wiederholt,Reiterar / Repasar,A2.2,12/06/20,,
188,Planen,haben,geplant,Planear,A2.2,12/06/20,,
189,Verlieben,haben,verliebt,Enamorarse,A2.2,12/06/20,,
190,Verreisen,haben,verreist,Desaparecer / Irse de viaje / Ausentarse,A2.2,12/06/20,,
191,Unterschreiben,haben,unterschrieben,Firmar,A2.2,12/06/20,,
192,Packen,haben,gepacken,Embalar,A2.2,12/06/20,,
193,Transportieren,haben,transportiert,Transportar,A2.2,12/06/20,,
194,Einpacken,haben,eingepackt,Embalar,A2.2,12/06/20,,
195,Ankreuzen,haben,angekreuzt,Marcar con una cruz / Comprobar,A2.2,12/06/20,,
196,Benutzen,haben,benutz,Hacer uso / emplear,A2.2,12/06/20,,
197,Denken,haben,gedacht,Pensar,A2.2,12/06/20,,
198,Ergänzen,haben,ergänzt,Completar,A2.2,12/06/20,,
199,Gebrauchen,haben,gebraucht,Hacer uso / emplear,A2.2,12/06/20,,
200,Gucken,haben,geguckt,Mirar / Asomar,A2.2,12/06/20,,
201,Produzieren,haben,produziert,Producir,A2.2,12/06/20,,
202,Bedeuten,haben,bedeutet,Significar / quiere decir / implicar,A2.2,12/06/20,,
203,Wecken,haben,geweckt,Despertar,A2.2,12/06/20,,
204,Tanken,haben,getankt,Cargar combustible,A2.2,12/06/20,,
205,Überqueren,haben,Überquert,Cruzar / Atravesar,A2.2,12/06/20,,
206,Ärgern über (sich),haben,sich geärgert,Enojarse,A2.2,12/06/20,,
207,Denken an,haben,gedacht,Pensar,A2.2,12/06/20,,
208,Freuen auf (sich),haben,sich gefreut,Regocijarse,A2.2,12/06/20,,
209,Interessieren für (sich),haben,sich interessiert,Interesarse,A2.2,12/06/20,,
210,Lust haben auf,haben,Lust gehabt,Tener ganas,A2.2,12/06/20,,
211,Sprechen über/mit,haben,gesprochen,Hablar sobre/con,A2.2,12/06/20,,
212,Träumen von,haben,geträumt,Soñar con,A2.2,12/06/20,,
213,Treffen mit (sich),haben,sich getroffen,Encontrarse,A2.2,12/06/20,,
214,Lohnen (sich),haben,sich gelohnt,Valer la pena,A2.2,12/06/20,,
215,Probieren (etwas),haben,etwas probiert,probar,A2.2,12/06/20,,
216,Recht haben,haben,recht gehabt,Tener razón,A2.2,12/06/20,,
217,Unternehmen (etwas),haben,etwas unternommen,Emprender,A2.2,12/06/20,,
218,Versuchen (etwas),haben,etwas versucht,Ensayar,A2.2,12/06/20,,
219,Weggehen,sein,weggegangen,Irse,A2.2,12/06/20,,
220,Etwas erfahren,haben,erfahren,Saber / Aprender / Enterarse,A2.2,12/06/20,,
221,Vorlesen,haben,vorgelesen,Leer en voz alta,A2.2,12/06/20,,
222,Beeilen (sich),haben,sich beeilt,Darse prisa,A2.2,12/06/20,,
223,Kriegen,haben,gekriegt,Obtener / Conseguir,A2.2,12/06/20,,
224,Weinen,haben,geweint,Llorar,A2.2,12/06/20,,
225,Abschließen,haben,Abgeschlossen,Contratar / Aislar / Ultimar / Terminar,A2.2,12/06/20,,
226,Absperren,haben,Abgesperrt,Cortar / Bloquear,A2.2,12/06/20,,
227,Anfassen,haben,angefasst,Tomar / Agarrar,A2.2,12/06/20,,
228,Etwas sichern,haben,gesichert,Asegurar algo,A2.2,12/06/20,,
229,Stehlen,haben,gestohlen,Robar,A2.2,12/06/20,,
230,Ändern,haben,geändert,Modificar,A2.2,12/06/20,,
231,Brennen,haben,gebrannt,Quemar,A2.2,12/06/20,,
232,(Etwas machen) Lassen,haben,machen lassen,Permitir,A2.2,12/06/20,,
233,Nähen,haben,genäht,Coser,A2.2,12/06/20,,
234,Reinigen,haben,gereinight,Purgar / limpiar / Modificar,A2.2,12/06/20,,
235,Schneiden,haben,geschnitten,Recortar / Dividir,A2.2,12/06/20,,
236,Waschen,haben,gewaschen,Lavar,A2.2,12/06/20,,
237,Anklicken,haben,angeklickt,Cliquear,A2.2,12/06/20,,
238,Ausfüllen,haben,angefüllt,Llenar / Completar,A2.2,12/06/20,,
239,Bestätigen,haben,bestätigt,Confirmar / Certificar,A2.2,12/06/20,,
240,Wählen,haben,gewählt,Seleccionar,A2.2,12/06/20,,
241,Besitzen,haben,besessen,Tener,A2.2,12/06/20,,
242,Erreichen,haben,erreicht,Llegar / Alcanzar / Conseguir,A2.2,12/06/20,,
243,Mieten,haben,gemietet,Contratar / Arrendar,A2.2,12/06/20,,
244,Teilen,haben,geteilt,Fraccionar / Repartir / Distribuir,A2.2,12/06/20,,
245,Vorstellen,haben,vorgestellt,Adelantar / Poner delante / Avanzar,A2.2,12/06/20,,
246,Zurückbringen,haben,zuruckgebracht,Devolver / Restituir,A2.2,12/06/20,,
247,Zurückfahren,sein,zuruckgefahren,Volver / Regresar,A2.2,12/06/20,,
248,(sich) Bewerben um,haben,sich beworben,Aplicar / Solicitar,A2.2,12/06/20,,
249,Kündigen,haben,gekündigt,Terminar / Rescindir,A2.2,12/06/20,,
250,Kopieren,haben,kopiert,Copiar,A2.2,12/06/20,,
251,Stören,haben,gestört,Molestar,A2.2,12/06/20,,
252,Vorhaben,haben,vorgehabt,Proyectar / Planear,A2.2,12/06/20,,
253,Beantragen,haben,beantragt,Proponer / Solicitar,A2.2,12/06/20,,
254,Verlängern,haben,verlängert,Ampliar / Prolongar,A2.2,12/06/20,,
255,Leiten,haben,geleitet,Conducir / Guiar,A2.2,12/06/20,,
256,Sich verabreden,haben,verabredet,Citarse,A2.2,12/06/20,,
257,Unterstützen,haben,unterstützt,Apoyar / Repaldar,A2.2,12/06/20,,
258,Abonnieren,haben,abonniert,Suscrubirse,A2.2,12/06/20,,
259,Auffordern,haben,aufgefordet,Pedir / mandar,A2.2,12/06/20,,
260,Bedienen,haben,bedient,Dar un servicio / atender,A2.2,12/06/20,,
261,Behalten,haben,behalten,Guardar / mantener,A2.2,12/06/20,,
262,Enttäuschen,sein,enttäuscht,Decepcionar,A2.2,12/06/20,,
263,Erhalten,haben,erhalten,Obtener / Recibir,A2.2,12/06/20,,
264,Senden,haben,gesendet,Enviar,A2.2,12/06/20,,
265,Bereithalten,haben,bereitgehalten,Tener preparado,A2.2,12/06/20,,
266,Drücken,haben,gedrückt,Pulsar,A2.2,12/06/20,,
267,Verbinden,haben,verbunden,Conectar,A2.2,12/06/20,,
268,Zurückrufen,haben,zurückangerufen,Devolver el llamado,A2.2,12/06/20,,
269,Beeinflussen,haben,beeinflusst,Influenciar,B1.1,12/06/20,,
270,Einschlafen,haben,eingeschlafen,Dormirse / Adormecerse,B1.1,12/06/20,,
271,Unterstützen,haben,unterstützt,Apoyar / respaldar,B1.1,12/06/20,,
272,Verabschieden (sich),haben,sich verabschiedet,Despedir,B1.1,12/06/20,,
273,Beschäftigen (sich),haben,sich beschäftigt,Ocupar / Emplear (trabajo),B1.1,12/06/20,,
274,Duzen,haben,geduzt,Tutear,B1.1,12/06/20,,
275,Erledigen,haben,erledigt,Ocuparse de / Resolver / Terminar,B1.1,12/06/20,,
276,Übernehmen (etwas),haben,etwas übernommen,Aplicar / Asumir,B1.1,12/06/20,,
277,Entschließen (sich),haben,sich entschlossen,Decidir,B1.1,12/06/20,,
278,Erwarten,haben,Erwartet,Esperar,B1.1,12/06/20,,
279,Führen,haben,geführt,Conducir / Guiar,B1.1,12/06/20,,
280,Überlegen,haben,überlegt,Reflexionar / Considerar / Deliberar,B1.1,12/06/20,,
281,Übrig bleiben,sein,übrig geblieben,Permanecer,B1.1,12/06/20,,
282,Vorstellen (sich etwas),haben,sich etwas vorgestellt,Imaginar,B1.1,12/06/20,,
283,Zurechtkommen,sein,zurechtgekommen,Hacer frente a  / Arreglarselas / Manejarse,B1.1,12/06/20,,
284,Ziehen,sein,gezogen,Mudarse,B1.1,12/06/20,,
285,Einziehen,sein,eingezogen,Mudarse,B1.1,12/06/20,,
286,Amüsieren (sich),haben,sich amüsiert,Divertirse,B1.1,12/06/20,,
287,Herrschen,haben,geherrscht,Prevalecer / Dominar,B1.1,12/06/20,,
288,Werfen,haben,geworfen,Tirar / Lanzar / Arrojar,B1.1,12/06/20,,
289,Drehen (sich),haben,sich gedreht,Convertirse,B1.1,12/06/20,,
290,Zurück Drehen (sich),haben,zurück gedreht,Volver atrás,B1.1,12/06/20,,
291,Behaupten,haben,behauptet,Reclamar / Cobrar,B1.1,12/06/20,,
292,Fürchten (sich),haben,sich gefürchtet,Temer,B1.1,12/06/20,,
293,Überzeugen,haben,überzeugt,Convencer,B1.1,12/06/20,,
294,Vermuten,haben,vermutet,Sospechar,B1.1,12/06/20,,
295,Versprechen (etwas),haben,etwas versprochen,Prometer,B1.1,12/06/20,,
296,Anstrengen (sich),haben,sich angestrengt,Esforzar / Fatigar,B1.1,12/06/20,,
297,Liefern,haben,geliefert,Suministrar / entregar,B1.1,12/06/20,,
298,Abonnieren,haben,abonniert,Suscribirse,B1.1,12/06/20,,
299,Auffordern,haben,aufgefordert,Ordenar / Mandar / Requerir,B1.1,12/06/20,,
300,Bedienen,haben,bedient,Servir / Atender,B1.1,12/06/20,,
301,Behalten,haben,behalten,Guardar / Conservar,B1.1,12/06/20,,
302,Enttäuschen,haben,enttäuscht,Decepcionar,B1.1,12/06/20,,
303,Erhalten,haben,erhalten,Obetener / Recibir,B1.1,12/06/20,,
304,Senden,haben,gesendet,Enviar,B1.1,12/06/20,,
305,Bereithalten,haben,bereitgehalten,Tener preparado,B1.1,12/06/20,,
306,Drücken,haben,gedrückt,Pulsar / Oprimir,B1.1,12/06/20,,
307,Verbinden,haben,verbunden,Conectar,B1.1,12/06/20,,
308,Zurückrufen,haben,zurückgerufen,Llamar de nuevo,B1.1,12/06/20,,
309,Ablehnen,haben,abgelehnt,Rechazar,B1.1,12/06/20,,
310,Begrüßen,haben,begrüßt,Saludar,B1.1,12/06/20,,
311,Bestimmen,haben,bestimmt,Determinar / Decidir / Estipular / Disponer,B1.1,12/06/20,,
312,Erfüllen,haben,erfüllt,Cumplir / llenar / colmar,B1.1,12/06/20,,
313,Geschehen,sein,geschehen,Suceder / Acontecer,B1.1,12/06/20,,
314,Riechen,haben,gerochen,Olfatear,B1.1,12/06/20,,
315,Setzen (sich),haben,sich gesetzt,Poner / Asentar,B1.1,12/06/20,,
316,Verbringen,haben,verbracht,Gastar / Pasar / Internar,B1.1,12/06/20,,
317,Verhalten (sich),haben,sich verhalten,Comportarse,B1.1,12/06/20,,
318,Verlassen,haben,verlassen,Dejar / Abandonar,B1.1,12/06/20,,
319,Beachten,haben,beachtet,Prestar atención / Advertir,B1.1,12/06/20,,
320,Beleidigen,haben,beleidigt,Ofender,B1.1,12/06/20,,
321,Beobachten,haben,beobachtet,Observar / Notar,B1.1,12/06/20,,
322,Informieren (sich),haben,sich informiert,Informarse,B1.1,12/06/20,,
323,Anschaffen (sich etwas),haben,sich etwas angeschafft,Comprar,B1.1,12/06/20,,
324,Aufklären,haben,aufgeklärt,Dilucidar / Reconocer,B1.1,12/06/20,,
325,Berücksichtigen,haben,berücksichtigt,Considerar,B1.1,12/06/20,,
326,Entscheiden (sich),haben,sich entschieden,Decidir,B1.1,12/06/20,,
327,Nachdenken,haben,nachgedacht,Reflexionar,B1.1,12/06/20,,
328,Raten,haben,geraten,Aconsejar,B1.1,12/06/20,,
329,Rechnen,haben,gerechnet,Calcular,B1.1,12/06/20,,
330,Ausgeben,haben,Ausgegeben,Gastar / Distribuir / Dar,B1.1,12/06/20,,
331,Erziehen,haben,erzogen,Educar,B1.1,12/06/20,,
332,Pflegen,haben,gepflegt,Mantener / Asistir,B1.1,12/06/20,,
333,Fressen,haben,gefressen,Devorar / Deglutir,B1.1,12/06/20,,
334,Ausschalten,haben,ausgeschaltet,Desconectar / Apagar,B1.1,12/06/20,,
335,Schwitzen,haben,geschwitzt,Transpirar,B1.1,12/06/20,,
336,Tauchen,haben,getaucht,Sumergir / mojar,B1.1,12/06/20,,
337,Einschalten,haben,eingeschaltet,Encender,B1.1,12/06/20,,
338,Erledigen,haben,erledigt,Ocuparse de / terminar,B1.1,12/06/20,,
339,Tippen,haben,getippt,Tipear,B1.1,12/06/20,,
340,Bauen,haben,gebaut,Construir,B1.1,12/06/20,,
341,Festhalten,haben,festgehaltet,Sujetar / Tener,B1.1,12/06/20,,
342,Zählen,haben,gezählt,Contar,B1.1,12/06/20,,
343,Atmen,haben,geatmet,"Respirar, alentar",B1.1,12/06/20,,
344,Einatmen,haben,eingeatmet,Inhalar,B1.1,12/06/20,,
345,Ausatmen,haben,ausgeatmet,Exhalar,B1.1,12/06/20,,
346,Nutzen,haben,genutzt,Usar,B1.1,12/06/20,,
347,Schaden,haben,geschadet,"Dañar, perjudicar",B1.1,12/06/20,,
348,Berichten,haben,berichtet,Narrar / Informar,B1.1,12/06/20,,
349,Schliessen,haben,geschlossen,"Clausurar, Terminar",B1.1,12/06/20,,
350,Verursachen,haben,verursacht,"Causar, motivar",B1.1,12/06/20,,
351,Wohlfühlen sich,haben,wohlgefühlt,Sentirse bien,B1.1,12/06/20,,
352,Lügen,haben,gelogen,Mentir,B1.1,12/06/20,,
353,Prüfen,haben,geprüft,Verificar / Controlar / Probar,B1.1,12/06/20,,
354,Schiefgehen,sein,schiefgegangen,Fracasar / que algo no salga bien,B1.1,12/06/20,,
355,Starten,sein,gestartet,Iniciar / Arrancar,B1.1,12/06/20,,
356,Stecken,haben,gesteckt,Meter / Introducir,B1.1,12/06/20,,
357,Ziehen,haben,gezogen,Jalar / Remolcar / Sacar,B1.1,12/06/20,,
358,Bemerken,haben,bemerkt,Darse cuenta,B1.1,12/06/20,,
359,Einfallen,sein,eingefallen,Ocurrir / Incidir,B1.1,12/06/20,,
360,Aufgeben,haben,aufgegeben,Rendirse / Give Up,B1.1,12/06/20,,
361,Aufwachen,haben,aufgewacht,Despertarse,B1.1,12/06/20,,
362,Genießen,haben,genosen,Disfrutar / Saborear,B1.1,12/06/20,,
363,Lächeln,haben,gelächelt,Sonreir,B1.1,12/06/20,,
364,Rennen,sein,gerannt,Correr,B1.1,12/06/20,,
365,Verbieten,haben,verboten,Prohibir,B1.1,12/06/20,,
366,Auspacken,haben,ausgepäckt,Desenvolver / Desembalar,B1.1,12/06/20,,
367,Absagen,haben,abgesagt,Cancelar / Suspender,B1.1,12/06/20,,
368,Bitten,haben,gebeten,Pedir / Preguntar,B1.1,12/06/20,,
369,Erkundigen (sich),haben,sich erkundigt,Preguntar,B1.1,12/06/20,,
370,Gelingen,sein,gelungen,Tener éxito / salir bien,B1.1,12/06/20,,
371,Grüßen,haben,gegrüßt,Saludar,B1.1,12/06/20,,
372,Melden (sich),haben,sich gemeldet,Notificar / avisar / anunciar,B1.1,12/06/20,,
373,Vertreten,haben,vertreten,Representar / defender / Reemplazar,B1.1,12/06/20,,
374,Zusagen,haben,zugesagt,Prometer / aceptar invitación / dar su asentimiento,B1.1,12/06/20,,
375,Erkälten (sich),haben,sich erkältet,Resfriarse,B1.1,12/06/20,,
376,Folgen,sein,gefolgt,"Seguir, Suceder",B1.2,12/06/20,,
377,Missverstehen,haben,missverstanden,Malinterpretar,B1.2,12/06/20,,
378,Abfliegen,sein,abgeflogen,"Despegar, Sobrevolar",B1.2,12/06/20,,
379,Beißen,haben,gebissen,"Morder, Picar",B1.2,12/06/20,,
380,Besorgen,haben,besorgt,"Comprar, adquirir / Proporcionar",B1.2,12/06/20,,
381,Erschrecken,sein,erschrocken,Asustarse,B1.2,12/06/20,,
382,Entdecken,haben,entdeckt,Descubrir / Revelar,B1.2,12/06/20,,
383,Laden,haben,geladen,Cargar / Convidar,B1.2,12/06/20,,
384,Herunterladen,haben,Heruntergeladen,Descargar,B1.2,12/06/20,,
385,Hochladen,haben,Hochgeladen,Subir,B1.2,12/06/20,,
386,Zuhören,haben,zugehört,Escuchar,B1.2,12/06/20,,
387,Annehmen,haben,angenommen,Aceptar / Admitir,B1.2,12/06/20,,
388,Einstellen,haben,eingestellt,Ajustar / Colocar,B1.2,12/06/20,,
389,Entwickeln,haben,entwickelt,Desarrollar,B1.2,12/06/20,,
390,Übertragen,haben,übertragen,Transmitir / Encomendar / Transferir / Trasladar,B1.2,12/06/20,,
391,Veröffentlichen,haben,veröffentlicht,Publicar,B1.2,12/06/20,,
392,Anhaben,haben,angehabt,Llevar / Vestir,B1.2,12/06/20,,
393,Aufregen sich,haben,sich aufgeregt,Molestarse,B1.2,12/06/20,,
394,Ausgehen,sein,ausgegangen,Salir,B1.2,12/06/20,,
395,Begegnen,sein,begegnet,Topar con,B1.2,12/06/20,,
396,Entschlossen sein,sein,entschlossen gewesen,Ser determinado,B1.2,12/06/20,,
397,Gewöhnen an sich,haben,sich angewöhnt,Acostumbrarse a,B1.2,12/06/20,,
398,Küssen sich,haben,sich geküsst,Besarse,B1.2,12/06/20,,
399,Trennen sich,haben,sich getrennt,Desconectarse,B1.2,12/06/20,,
400,Anerkennen,haben,anerkannt,Reconocer,B1.2,12/06/20,,
401,Zerstören,haben,Zerstört,Destruir,B1.2,12/06/20,,
402,Ausstellen,haben,ausgestellt,Exponer,B1.2,12/06/20,,
403,Entstehen,sein,entstanden,Surgir,B1.2,12/06/20,,
404,Gründen,haben,gegründet,Fundar / Establecer,B1.2,12/06/20,,
405,Retten,haben,gerettet,Salvar / Rescatar,B1.2,12/06/20,,
406,Unterrichten,haben,unterrichtet,Enseñar,B1.2,12/06/20,,
407,Einsetzen fur (sich),haben,sich eingesetzt,Insertar,B1.2,12/06/20,,
408,Kämpfen gegen,haben,gekäpft,Luchar contra,B1.2,12/06/20,,
409,Verhaften,haben,verhaftet,Detener,B1.2,12/06/20,,
410,Einführen,haben,eingeführt,Introducir,B1.2,12/06/20,,
411,Handeln,haben,gehandelt,Negociar / Regatear / Proceder,B1.2,12/06/20,,
412,(An)Nähern sich,haben,sich (an)genähert,Acercarse,B1.2,12/06/20,,
413,Regieren,haben,regiert,Regir,B1.2,12/06/20,,
414,Verhindern,haben,verhindert,Evitar,B1.2,12/06/20,,
415,Aufheben,haben,aufgehoben,Cancelar / Abolir,B1.2,12/06/20,,
416,Betragen,haben,betragen,Ascender,B1.2,12/06/20,,
417,Blühen,haben,geblüht,Florecer / Prosperar,B1.2,12/06/20,,
418,Unterscheiden,haben,unterschieden,Distinguir,B1.2,12/06/20,,
419,Zunehmen,haben,zugenommen,Aumentar,B1.2,12/06/20,,
420,Sich ereignen,haben,sich ereignet,"Suceder, ocurrir",B1.2,12/06/20,,
421,Sich erholen,haben,sich erholt,Relajarse,B1.2,12/06/20,,
422,Zelten,haben,gezeltet,Acampar,B1.2,12/06/20,,
423,Darstellen,haben,dargestelt,Representar,B1.2,12/06/20,,
424,Heizen,haben,geheizt,Calentar,B1.2,12/06/20,,
425,Sich leisten,haben,sich geleistet,Lograr,B1.2,12/06/20,,
426,Treiben,haben,getrieben,Practicar un deporte,B1.2,12/06/20,,
427,Ausziehen,haben,ausgezogen,Sacar,B1.2,12/06/20,,
428,Siezen,haben,geziest,Tratar de usted,B1.2,12/06/20,,
429,Sorgen,haben,gesorgt,Preocuparse,B1.2,12/06/20,,
430,Treten,sein,getreten,Salir / Andar / Caminar,B1.2,12/06/20,,
431,Dienen,haben,gedient,Servir,B1.2,12/06/20,,
432,Gelten,haben,gegolten,Valer,B1.2,12/06/20,,
433,Regeln,haben,geregelt,Regular,B1.2,12/06/20,,
434,Verlangen,haben,verlangt,Pedir / Solicitar / Exigir,B1.2,12/06/20,,
435,Ausreichen,haben,ausgreicht,Bastar,B1.2,12/06/20,,
436,Bekannt geben,haben,bekkant gegeben,Anunciar,B1.2,12/06/20,,
437,(ein)Stecken,haben,(ein)gesteckt,Meter,B1.2,12/06/20,,
438,Klappen,haben,geklappt,Aplaudir,B1.2,12/06/20,,
439,Klingeln,haben,geklingelt,Tocar el timbre,B1.2,12/06/20,,
440,Umgehen,sein,umgegangen,Dar vueltas por los alrededores,B1.2,12/06/20,,
441,Fordern,haben,gefordet,Solicitar / Demandar,B1.2,12/06/20,,
442,Protestieren,haben,protestiert,Protestar,B1.2,12/06/20,,
443,Erscheinen,sein,erschienen,Aparecer / Surgir,B1.2,12/06/20,,
444,Loben,haben,gelobt,Elogiar,B1.2,12/06/20,,
445,Zwingen,haben,gezwungen,Obligar,B1.2,12/06/20,,
446,Konsumieren,haben,Konsumiert,Consumir,B1.2,12/06/20,,
447,Schützen,haben,geschützt,Proteger,B1.2,12/06/20,,
448,Verbessern,haben,verbessert,Mejorar,B1.2,12/06/20,,
449,Verbrauchen,haben,verbraucht,Gastar,B1.2,12/06/20,,
450,Verschlechtern sich,haben,verschlechtert,Deteriorar,B1.2,12/06/20,,
451,Bremsen,haben,gebremst,Frenar,B1.2,12/06/20,,
452,Abhängen von,haben,abgehangen,Depender de,B1.2,12/06/20,,
453,Bemühen sich,haben,bemüht,Esforzarse,B1.2,12/06/20,,
454,Feststehen,haben,festgestanden,Constar / Estar seguro,B1.2,12/06/20,,
455,Feststellen,haben,festgestellt,Verificar / Comprobar,B1.2,12/06/20,,
456,Vorziehen,haben,vorgezogen,Preferir,B1.2,12/06/20,,
457,Zustimmen,haben,zugestimmt,Estar de acuerdo / Adherir,B1.2,12/06/20,,
458,Beschließen,haben,Beschlossen,Concluir,B1.2,12/06/20,,
459,Erhöhen sich,haben,sich erhöht,Aumentar,B1.2,12/06/20,,
460,Klagen über,haben,geklagt,Quejarse,B1.2,12/06/20,,
461,Realisieren,haben,realisiert,Darse cuenta de,B1.2,12/06/20,,
462,Verändern sich,haben,verändert,Cambiar,B1.2,12/06/20,,
463,Vergrößern,haben,vergroßert,Agrandar,B1.2,12/06/20,,
464,Zweifeln,haben,gezweifelt,Dudar,B1.2,12/06/20,,
465,Anzünden,haben,angezündet,Encender (fuego),B1.2,12/06/20,,
466,Begründen,haben,begründet,Establecer / Fundar,B1.2,12/06/20,,
467,Abheben,haben,abgehoben,Restirarse / Alzar / Elevar,B1.2,12/06/20,,
468,Behandeln,haben,behandelt,Manejar,B1.2,12/06/20,,
469,Einzahlen,haben,eingezahlt,Ingresar / Imponer,B1.2,12/06/20,,
470,Mischen,haben,gemischt,Mezclar,B1.2,12/06/20,,
471,Nachschlagen,haben,nachgeschlagen,Buscar / Consultar / Salir,B1.2,12/06/20,,
472,Ordnen,haben,geordnet,Organizar,B1.2,12/06/20,,
473,Schweigen,haben,geschwiegen,Callarse,B1.2,12/06/20,,
474,Überweisen,haben,überwiesen,Transferir / Girar,B1.2,12/06/20,,
475,Verpflegen sich,haben,sich verpflegt,Abastecer / Alimentar,B1.2,12/06/20,,
476,Verteilen,haben,verteilt,Distribuir / Repartir,B1.2,12/06/20,,
477,Vorkommen sich,sein,vorgekommen,Pasar / Aparecer / Ocurrir,B1.2,12/06/20,,
478,Chatten,haben,gechattet,Charlar,B2.1,12/06/20,,
479,Checken,haben,gecheckt,Comprobar,B2.1,12/06/20,,
480,Markieren,haben,markiert,Marcar,B2.1,12/06/20,,
481,Skypen,haben,geskypt,Hacer Skype,B2.1,12/06/20,,
482,Twittern,haben,getwittert,Twittear,B2.1,12/06/20,,
483,Erhalten,haben,erhalten,Obtener / Recibir,B2.1,12/06/20,,
484,Einsetzen,haben,eingesetzt,Poner / Sustituir,B2.1,12/06/20,,
485,Schwerfallen,sein,schwergefallen,Costar,B2.1,12/06/20,,
486,Verbessern,haben,verbessert,Mejorar,B2.1,12/06/20,,
487,Ansehen,haben,angesehen,Contemplar / Examinar,B2.1,12/06/20,,
488,Berichten,haben,berichtet,Narrar / Informar,B2.1,12/06/20,,
489,Beschreiben,haben,beschrieben,Describir,B2.1,12/06/20,,
490,Ablehnen,haben,abgelehnt,Rechazar,B2.1,12/06/20,,
491,Annehmen,haben,angenommen,Aceptar / Admitir,B2.1,12/06/20,,
492,Bitten,haben,gebeten,Pedir / Preguntar,B2.1,12/06/20,,
493,Bedanken,haben,bedankt,Agradecer,B2.1,12/06/20,,
494,Denken,haben,gedacht,Pensar,B2.1,12/06/20,,
495,Einladen,haben,eingeladen,Invitar,B2.1,12/06/20,,
496,Folgen,sein,gefolgt,"Seguir, Suceder",B2.1,12/06/20,,
497,Fragen,haben,gefracht,Preguntar,B2.1,12/06/20,,
498,Freuen,haben,gefreut,Alegrarse,B2.1,12/06/20,,
499,Gratulieren,haben,gratuliert,Agradecer,B2.1,12/06/20,,
500,Nennen,haben,gennant,Nombrar / Denominar,B2.1,12/06/20,,
501,Stören,haben,gestört,Molestar,B2.1,12/06/20,,
502,Vorhaben,haben,vorgehabt,Proyectar / Planear,B2.1,12/06/20,,
503,Helfen,haben,geholfen,Ayudar,B2.1,12/06/20,,
504,Hoffen,haben,gehofft,Confiar / Esperar,B2.1,12/06/20,,
505,Kümmern,haben,gekümmert,Preocuparse,B2.1,12/06/20,,
506,Mitteilen,haben,mitgeteilt,Comunicar / Notificar,B2.1,12/06/20,,
507,Organisieren,haben,organisiert,Organizar,B2.1,12/06/20,,
508,Schicken,haben,geschickt,Enviar,B2.1,12/06/20,,
509,Schreiben,haben,geschrieben,Escribir,B2.1,12/06/20,,
510,Senden,haben,gesendet,Enviar,B2.1,12/06/20,,
511,Sorgen,haben,gesorgt,Preocuparse,B2.1,12/06/20,,
512,Suchen,haben,gesucht,Buscar ,B2.1,12/06/20,,
513,Überlegen,haben,überlegt,Reflexionar / Considerar / Deliberar,B2.1,12/06/20,,
514,Verabschieden (sich),haben,sich verabschiedet,Despedir,B2.1,12/06/20,,
515,Warten,haben,gewartet,Esperar,B2.1,12/06/20,,
516,Beschäftigen (sich),haben,sich beschäftigt,Ocupar / Emplear (trabajo),B2.1,12/06/20,,
517,Klappen,haben,geklappt,Aplaudir,B2.1,12/06/20,,
518,Begrüßen,haben,begrüßt,Saludar,B2.1,12/06/20,,
519,Melden,haben,gemeldet,Anunciar / Reportar,B2.1,12/06/20,,
520,Reagieren,haben,reagiert,Reaccionar,B2.1,12/06/20,,
521,Schieben,haben,geschoben,Empujar / Mover,B2.1,12/06/20,,
522,Verabreden (sich),haben,verabredet,Fijar / Convenir,B2.1,12/06/20,,
523,Besorgen,haben,besorgt,"Comprar, adquirir / Proporcionar",B2.1,12/06/20,,
524,Schaffen,haben,geschafft,Crear / Producir / Fundar,B2.1,12/06/20,,
525,Vorbereiten,haben,vorbereitet,Preparar,B2.1,12/06/20,,
526,Zusammenstellen,haben,zusammengestellt,Compilar / Componer / Reunir,B2.1,12/06/20,,
527,Erleben,haben,erlebt,Vivir (una experiencia de vida),B2.1,12/06/20,,
528,Recherchieren,haben,recherchiert,Investigar,B2.1,12/06/20,,
529,Gratulieren,haben,gratuliert,Felicitar,B2.1,12/06/20,,
530,Erfinden,haben,erfunden,Inventar,B2.1,12/06/20,,
531,Unterscheiden,haben,unterschieden,Diferenciar,B2.1,12/06/20,,
532,Entschließen (sich),haben,entschlossen,Decidirse,B2.1,12/06/20,,
533,Erholen,haben,erholt,Relajarse / Recuperarse,B2.1,12/06/20,,
534,Abmelden,haben,abgemeldet,Darse de baja / Finalizar sesión,B2.1,12/06/20,,
535,Vermuten,haben,vermutet,Suponer,B2.1,12/06/20,,
536,Verreisen,sein,verreist,Irse de viaje,B2.1,12/06/20,,
537,Garantieren,haben,garantiert,Garantizar,B2.1,12/06/20,,
538,Gelingen,sein,gelungen,Salir bien,B2.1,12/06/20,,
539,Beheizen,haben,beheizt,Calentar,B2.1,12/06/20,,
540,Erledigen,haben,erledigt,Ocuparse de / Llevar a cabo / Resolver,B2.1,12/06/20,,
541,Transportieren,haben,transportiert,Transportar,B2.1,12/06/20,,
542,Verändern,haben,verändert,Cambiar,B2.1,12/06/20,,
543,Verbinden,haben,verbunden,Unir / Juntar,B2.1,12/06/20,,
544,Führen,haben,geführt,Conducir / Guiar / Dirigir,B2.1,12/06/20,,
545,Verbringen,haben,verbracht,Dedicar / Pasar,B2.1,12/06/20,,
546,Funktionieren,haben,funktioniert,Funcionar,B2.1,12/06/20,,
547,Verstecken,haben,versteckt,Esconder,B2.1,12/06/20,,
548,Verteilen,haben,verteilt,Repartir / Distribuir,B2.1,12/06/20,,
549,Raten,haben,geraten,Aconsejar / Adivinar,B2.1,12/06/20,,
550,Konzentrieren,haben,Konzentriert,Concentrar,B2.1,12/06/20,,
551,Analysieren,haben,analysiert,Analizar,B2.1,12/06/20,,
552,Erwarten,haben,erwartet,Esperar,B2.1,12/06/20,,
553,Finanzieren,haben,finanziert,Financiar,B2.1,12/06/20,,
554,Herrschen,haben,geherrscht,Reinar,B2.1,12/06/20,,
555,Reinigen,haben,gereinigt,Limpiar,B2.1,12/06/20,,
556,Übernehmen,haben,übernommen,Tomar / Apoderar / Asumir,B2.1,12/06/20,,
557,sich kurzfassen,haben,kurzgefasst,Ser breve,B2.2,12/06/20,,
558,sich gewöhnen an,haben,gewöhnt,Acostumbrarse a,B2.2,12/06/20,,
559,Lächeln,haben,gelächelt,Sonreir,B2.2,12/06/20,,
560,überprüfen,haben,überprüft,Comprobar / Examinar,B2.2,12/06/20,,
561,sich bewerben um,haben,beworben,Solicitar / Aplicar a,B2.2,12/06/20,,
562,Kündigen,haben,gekündigt,Rescindir,B2.2,12/06/20,,
563,Operieren,haben,operiert,Funcionar / Operar Quirurgicamente,B2.2,12/06/20,,
564,Einstellen,haben,eingestellt,Contratar,B2.2,12/06/20,,
565,Entlassen,haben,entlassen,Despedir (laboralmente),B2.2,12/06/20,,
566,Streiken,haben,gestreikt,Hacer huelga,B2.2,12/06/20,,
567,Anstrengen (sich),haben,angestrengt,Fatigarse / Esforzarse,B2.2,12/06/20,,
568,Verwenden,haben,verwandt,Aprovechar / Usar,B2.2,12/06/20,,
569,Planen,haben,geplant,Planear,B2.2,12/06/20,,
570,Lohnen (sich),haben,gelohnt,Valer,B2.2,12/06/20,,
571,Beeinflussen,haben,beeinflusst,Influenciar,B2.2,12/06/20,,
572,Begründen,haben,begründet,Establecer / Fundamentar,B2.2,12/06/20,,
573,Darstellen,haben,dargestellt,Representar / Presentar / Exponer,B2.2,12/06/20,,
574,Entwickeln,haben,entwickelt,Desarrollar,B2.2,12/06/20,,
575,Unterstützen,haben,untergestützt,Apoyar,B2.2,12/06/20,,
576,Mischen,haben,gemischt,Mezclar,B2.2,12/06/20,,
577,Kopieren,haben,Kopiert,Copiar,B2.2,12/06/20,,
578,Umtauschen,haben,umgetauscht,Canjear / cambiar,B2.2,12/06/20,,
579,Ehren,haben,geehert,Respetar / Homenajear,B2.2,12/06/20,,
580,Gehören,haben,gehört,Pertenecer,B2.2,12/06/20,,
581,Handeln,haben,gehandelt,Negociar,B2.2,12/06/20,,
582,Landen,sein,gelandet,Llegar / Atracar,B2.2,12/06/20,,
583,Verbrauchen,haben,verbraucht,Consumir / Gastar,B2.2,12/06/20,,
584,Zählen zu,haben,gezählt,Recontar,B2.2,12/06/20,,
585,Bedienen,haben,bedient,Hacer funcionar / manejar,B2.2,12/06/20,,
586,Überreden,haben,überredet,Persuadir,B2.2,12/06/20,,
587,Werfen,haben,geworfen,Tirar / Lanzar / Arrojar,B2.2,12/06/20,,
588,Bieten,haben,geboten,Ofrecer,B2.2,12/06/20,,
589,Verlangen,haben,verlangt,Pedir / Solicitar,B2.2,12/06/20,,
590,Aussuchen,haben,ausgesucht,Seleccionar / Entresacar,B2.2,12/06/20,,
591,Kredit aufnehmen,haben,aufgennomen,Tomar un crédito,B2.2,12/06/20,,
592,Hassen,haben,gehasst,Odiar,B2.2,12/06/20,,
593,Sparen,haben,gespart,Ahorrar,B2.2,12/06/20,,
594,Überweisen,haben,überwiesen,Transferir dinero,B2.2,12/06/20,,
595,Überziehen,haben,überzogen,Recubrir,B2.2,12/06/20,,
596,Rasieren,haben,rasiert,Afeitar,B2.2,12/06/20,,
597,Zusammenfassen,haben,zusammengefasst,Resumir / Concertar,B2.2,12/06/20,,
598,Wundern über,haben,gewundert,Preguntarse,B2.2,12/06/20,,
599,Infrage Kommen,sein,gekommen,Venir al caso,B2.2,12/06/20,,
600,Betreuen,haben,betreut,Cuidar / Socorrer / Atender,B2.2,12/06/20,,
601,Bewegen,haben,bewogen,Mover,B2.2,12/06/20,,
602,Entdecken,haben,entdeckt,Descubrir / Revelar,B2.2,12/06/20,,
603,Erfahren,haben,erfahren,Aprender / Enterarse,B2.2,12/06/20,,
604,Pflegen,haben,gepflogen,Cuidar,B2.2,12/06/20,,
605,Tippen,haben,getippt,Teclear,B2.2,12/06/20,,
606,Trainieren,haben,trainiert,Entrenar,B2.2,12/06/20,,
607,Wachsen,sein,gewachsen,Crecer,B2.2,12/06/20,,
608,Erkundigen nach,haben,erkundigt,Preguntar,B2.2,12/06/20,,
609,Sich Leisten,haben,mich geleistet,Realizar,B2.2,12/06/20,,
610,rechnen mit,haben,gerechnet,Contar con,B2.2,12/06/20,,
611,sich drehen,haben,gedreht,Girar / Dar vueltas,B2.2,12/06/20,,
612,Einschalten,haben,eingeschaltet,Encender,B2.2,12/06/20,,
613,Stoppen,haben,gestoppt,Parar,B2.2,12/06/20,,
614,Teilen,sein,geteilt,Fraccionar / Repartir / Distribuir,B2.2,12/06/20,,
615,Klicken,haben,geklickt,Hacer clicl,B2.2,12/06/20,,
616,Brennen,haben,gebrannt,Quemar,B2.2,12/06/20,,
617,Anschließen,haben,angeschlossen,Conectar,B2.2,12/06/20,,
618,Aufnehmen,haben,aufgennomen,Registrar / Anotar / Asimilar,B2.2,12/06/20,,
619,Löschen,haben,gelöscht,Borrar / Apagar / Extinguir,B2.2,12/06/20,,
620,Speichern,haben,gespeichert,Guardar,B2.2,12/06/20,,
621,Vergrößern,haben,vergrößert,Agrandar,B2.2,12/06/20,,
622,Erreichen,haben,erreicht,Alcanzar / Llegar,B2.2,12/06/20,,
623,Nachdenken,haben,nachgedacht,Reflexionar,B2.2,12/06/20,,
624,Entwerfen,haben,entworfen,Diseñar / Esbozar / Proyectar,B2.3,12/06/20,,
625,Kommentieren,haben,Kommentiert,Comentar,B2.3,12/06/20,,
626,Anvertrauen,haben,anvertraut,Confiar / encomendar,B2.3,12/06/20,,
627,Verlassen,haben,verlassen,Dejar / Abandonar,B2.3,12/06/20,,
628,Verlieren,haben,verloren,Perder,B2.3,12/06/20,,
629,Erläutern,haben,erläutert,Explicar,B2.3,12/06/20,,
630,Forschen,haben,geforscht,Investigar,B2.3,12/06/20,,
631,Knüpfen,haben,geknüpft,Enlazar,B2.3,12/06/20,,
632,Erfüllen,haben,erfüllt,Cumplir / llenar / colmar,B2.3,12/06/20,,
633,Hinterlassen,haben,hinterlassen,Dejar / legar,B2.3,12/06/20,,
634,Sich spezialisieren,haben,mich spezialisiert,Especializarse,B2.3,12/06/20,,
635,Halten,haben,gehalten,Mantener,B2.3,12/06/20,,
636,Vertreiben,haben,vertrieben,Desterrar,B2.3,12/06/20,,
637,Aufladen,haben,aufgeladen,Recargar / Colmar,B2.3,12/06/20,,
638,Erwähnen,haben,erwähnt,Mencionar,B2.3,12/06/20,,
639,Naschen,haben,genascht,Comer golosinas / mordisquear,B2.3,12/06/20,,
640,Durchsetzen,haben,durchgesetzt,Conseguir / Realizar,B2.3,12/06/20,,
641,Spüren,haben,gespürt,Sentir,B2.3,12/06/20,,
642,Befassen,haben,befasst,Ocuparse de algo,B2.3,12/06/20,,
643,Pendeln,sein,gependelt,Oscilar,B2.3,12/06/20,,
644,Animieren Zu,haben,animiert,Animarse a ,B2.3,12/06/20,,
645,Beurteilen,sein,bauerteilt,Dictaminar / Enjuiciar / Criticar,B2.3,12/06/20,,
646,Quatschen,haben,gequatscht,Parlotear,B2.3,12/06/20,,
647,Anrühren,haben,angerührt,Mezclar,B2.3,12/06/20,,
648,Imitieren,haben,imitiert,Imitar,B2.3,12/06/20,,
649,Überarbeiten,haben,überarbeitet,Revisar / Perfeccionar,B2.3,12/06/20,,
650,Umschreiben,haben,umgeschrieben,Transcribir,B2.3,12/06/20,,
651,sich abheben von,haben,abgehoben,Sobresalir / Contrastar,B2.3,12/06/20,,
652,Anschaffen,haben,angeschaffen,Comprar / Adquirir,B2.3,12/06/20,,
653,Dahinterstecken,haben,dahintergesteckt,Estar detrás de algo (en sentido figurado),B2.3,12/06/20,,
654,Starren,haben,gestarrt,Mirar fijamente,B2.3,12/06/20,,
655,Verfolgen,sein,verfolgt,Perseguir,B2.3,12/06/20,,
656,Erläutern,haben,erläutert,Explicar,B2.3,12/06/20,,
657,Ansprechen,haben,angesprochen,Dirigir la palabra,B2.3,12/06/20,,
658,Unternehmen,haben,unternommen,Emprender / Realizar,B2.3,12/06/20,,
659,Vorgehen,sein,vorgegangen,Proceder / tomar la delantera,B2.3,12/06/20,,
660,Anwenden,haben,angewendet,Utilizar / Aplicar en,B2.3,12/06/20,,
661,Erwerben,haben,erworben,Adquirir,B2.3,12/06/20,,
662,Absagen,haben,abgesagt,Rechazar / Cancelar,B2.3,12/06/20,,
663,Zusagen,haben,zugesagt,Prometer,B2.3,12/06/20,,
664,Aufführen,haben,aufgeführt,Incluir / Mencionar,B2.3,12/06/20,,
665,Beifügen,haben,beigefügt,Añadir / Encerrar,B2.3,12/06/20,,
666,Bewerten,haben,bewertet,Evaluar / Apreciar / Estimar,B2.3,12/06/20,,
667,Sich beschränken auf,haben,beschränkt,Limitarse a …,B2.3,12/06/20,,
668,Durchblättern,haben,durchgeblättert,Hojear,B2.3,12/06/20,,
669,Irritieren,haben,irritiert,Irritar,B2.3,12/06/20,,
670,Sein Lassen,haben,sein gelassen,Dejar ser,B2.3,12/06/20,,
671,Staunen über,haben,gestaunt,Maravillarse con,B2.3,12/06/20,,
672,Stylen,haben,gestylt,Estilar,B2.3,12/06/20,,
673,Vorführen,haben,vorgeführt,Presentar / Exhibir,B2.3,12/06/20,,
674,Vorschreiben,haben,vorgeschrieben,Prescribir,B2.3,12/06/20,,
675,Verzichten aus,haben,verzichtet,Renunciar,B2.3,12/06/20,,
676,Zustimmen,haben,zugestimmt,Adherir,B2.3,12/06/20,,
677,Prägen,haben,geprägt,Troquelar,B2.3,12/06/20,,
678,Stammen aus,haben,gestammt,Ser de…,B2.3,12/06/20,,
679,Abraten von,haben,abgeraten,Desaconsejar,B2.3,12/06/20,,
680,Sich engagieren für,haben,engagiert,Participar,B2.3,12/06/20,,
681,Färben,haben,gefärbt,Colorear,B2.3,12/06/20,,
682,Lackieren,haben,lackiert,Barnizar,B2.3,12/06/20,,
683,Plädieren für,haben,plädiert,Abogar por,B2.3,12/06/20,,
684,Übertrieben,haben,übertrieben,Exagerar,B2.3,12/06/20,,
685,Berühren,haben,berührt,Tocar / Rozar,B2.3,12/06/20,,
686,Kratzen,haben,gekratzt,Rascar / Arañar,B2.3,12/06/20,,
687,Kreisen,sein,gekreist,Girar,B2.3,12/06/20,,
688,Rutschen,sein,gerutscht,Deslizar,B2.3,12/06/20,,
689,Verschränken,haben,verschränkt,Plegar,B2.3,12/06/20,,
690,Sich Vorbeugen,haben,vorgebeugt,Deslizarse hacia adelante,B2.3,12/06/20,,
691,Ausprobieren,haben,ausprobiert,Ensayar / Probar,B2.3,12/06/20,,
692,Hüpfen,sein,gehüpft,Rebotar / Brincar,B2.3,12/06/20,,
693,Klatschen,sein,geklatscht,Tirar violentamente,B2.3,12/06/20,,
694,Schütteln,haben,geschüttelt,Sacudir,B2.3,12/06/20,,
695,Herausfiltern,haben,herausgefiltert,Entresacar,B2.3,12/06/20,,
696,Sich Verfahren,haben,verfahren,Perderse,B2.3,12/06/20,,
697,Flanieren,haben,flaniert,Pasear,B2.3,12/06/20,,
698,Vereinen,haben,vereint,Unir / Conciliar,B2.3,12/06/20,,
699,Auffrischen,haben,ausgefrischt,Repasar,B2.3,12/06/20,,
700,Austauschen,haben,ausgetauscht,Intercambiar / Sustituir,B2.3,12/06/20,,
701,Sanieren,haben,saniert,Renovar / Reorganizar,B2.3,12/06/20,,
702,Tauschen,haben,getauscht,Intercambiar / Canjear,B2.3,12/06/20,,
703,Sich wandeln,haben,gewandelt,Variar,B2.3,12/06/20,,
704,Erschließen,haben,erschlossen,Explotar / Alumbrar / Urbanizar / Inferir,B2.3,12/06/20,,
705,Versorgen,haben,versorgt,Abastecer / Proveer,B2.3,12/06/20,,
706,Voraussagen,haben,vorausgesagt,Predecir,B2.3,12/06/20,,
707,Entkräften,haben,entkräftet,Debilitar / Invalidar,B2.3,12/06/20,,
708,Sich einigen,haben,geeinigt,Convenir,B2.3,12/06/20,,
709,Akzeptieren,haben,akzeptiert,Aceptar,B2.4,12/06/20,,
710,Abnehmen,haben,abgenommen,Disminuir / Declinar,B2.4,12/06/20,,
711,Sich Erhönen,haben,onnt,Reponerse,B2.4,12/06/20,,
712,Sinken,haben,Gesunken,Hundirse / Caer,B2.4,12/06/20,,
713,Stagnieren,haben,stagniert,Estancarse,B2.4,12/06/20,,
714,Steigen,sein,gestiegen,Subir / Alzarse / Ascender,B2.4,12/06/20,,
715,Verringern,haben,verringert,Disminuir / Aminorar,B2.4,12/06/20,,
716,Zunehmen,haben,zugenommen,Aumentar / Acrecentar,B2.4,12/06/20,,
717,Eilen,sein,geeilt,Apurarse,B2.4,12/06/20,,
718,Fixieren,haben,fixiert,Arreglar / Fijar,B2.4,12/06/20,,
719,Überhören,haben,überhört,"Pasar por alto / ""Hacerse el sordo""",B2.4,12/06/20,,
720,Befristen,haben,befristet,Fijar un plazo / Limitar,B2.4,12/06/20,,
721,Schelten,haben,gescholten,Reprender / Regañar,B2.4,12/06/20,,
722,Umgehen,sein,umgegangen,Andar / Manejar / Sortear,B2.4,12/06/20,,
723,Entfremden,haben,entfremdet,Alinear / Enajenar / Extrañar,B2.4,12/06/20,,
724,Erfordern,haben,erfordert,Exigir,B2.4,12/06/20,,
725,Vortragen,haben,vorgetragen,Exponer,B2.4,12/06/20,,
726,Äußern,haben,geäußert,Expresar / Manifestar / Declarar,B2.4,12/06/20,,
727,Konsumieren,haben,Konsumiert,Consumir,B2.4,12/06/20,,
728,Hinweisen auf,haben,hingewiesen,Indicar / Apuntar,B2.4,12/06/20,,
729,Verzehren,haben,verloren,Consumir / Gastar / Comer,B2.4,12/06/20,,
730,Verzichten auf,haben,verzichtet,Prescindir de,B2.4,12/06/20,,
731,Zufügen,haben,zugefügt,Infligir / Agregar,B2.4,12/06/20,,
732,Schlemmen,haben,geschlemmt,Comer abundantemente,B2.4,12/06/20,,
733,Würzen,haben,gewürzt,Condimentar,B2.4,12/06/20,,
734,Zubereiten,haben,zubereitet,Preparar / Sazonar,B2.4,12/06/20,,
735,Schälen,haben,geschält,Quitar la cáscara,B2.4,12/06/20,,
736,Anbauen,haben,angebaut,Crecer / Adosar / Añadir,B2.4,12/06/20,,
737,Erzeugen,haben,erzeugt,Producir / Generar,B2.4,12/06/20,,
738,Verschwenden,haben,verschwandt,Derrochar,B2.4,12/06/20,,
739,Auflisten,haben,aufgelistet,Hacer una lista,B2.4,12/06/20,,
740,Nachkommen,sein,nachgekommen,Alcanzar,B2.4,12/06/20,,
741,Leisten,haben,geleistet,Hacer / Producir,B2.4,12/06/20,,
742,Überschreiten,haben,überschritten,Exceder,B2.4,12/06/20,,
743,Vernichten,haben,vernichtet,Destruir,B2.4,12/06/20,,
744,Verwirren,sein,verwirrt,Desorientar,B2.4,12/06/20,,
745,Ansprechen,haben,angesprochen,Abordar,B2.4,12/06/20,,
746,Überlassen,haben,übergelassen,Abandonar,B2.4,12/06/20,,
747,Absolvieren,haben,absolviert,Absolver,B2.4,12/06/20,,
748,Anrechnen,haben,angerechnet,Cargar a la cuenta / Atribuir,B2.4,12/06/20,,
749,Festlegen,haben,festgelegt,Fijar / Concretar,B2.4,12/06/20,,
750,Verfassen,haben,verfasst,Redactar / Componer,B2.4,12/06/20,,
751,Einschreiben,haben,eingeschrieben,Inscribirse / Registrar / Certificar,B2.4,12/06/20,,
752,Erarbeiten,haben,erarbeitet,Elaborar,B2.4,12/06/20,,
753,Abrunden,haben,abgerundet,Redondear,B2.4,12/06/20,,
754,Abschaffen,haben,abgeschaffen,Abolir,B2.4,12/06/20,,
755,Ausleben,haben,ausgelebt,Disrutar de la vida,B2.4,12/06/20,,
756,Gehören,haben,gehört,Pertenecer,B2.4,12/06/20,,
757,Promovieren,haben,promoviert,Hacer un doctorado,B2.4,12/06/20,,
758,Verweilen,sein,verweilt,Quedarse / Detenerse,B2.4,12/06/20,,
759,Zustimmen,haben,zugestimmt,Adherir / Acceder,B2.4,12/06/20,,
760,Aneignen,haben,angeeignet,Apropiarse / Adueñarse,B2.4,12/06/20,,
761,Verfügen,haben,verfügt,Disponer / Decretar / Tener,B2.4,12/06/20,,
762,Weiterbringen,haben,weitergebracht,Llevar adelante / Hacer progresar,B2.4,12/06/20,,
763,Vertiefen,haben,vertieft,Profundizar,B2.4,12/06/20,,
764,Knüpfen,haben,geknüpft,Anudar / Concertar,B2.4,12/06/20,,
765,Vertreten,sein,vertreten,Representar,B2.4,12/06/20,,
766,Ablegen,haben,abgelegt,Desechar / Descartar,B2.4,12/06/20,,
767,Einschlagen,haben,eingeschlagen,Caer / Hacer un impacto / Romper,B2.4,12/06/20,,
768,Schieflaufen,sein,schiefgelaufen,Salir mal,B2.4,12/06/20,,
769,Ausschließen,haben,ausgeschlossen,Excluir,B2.4,12/06/20,,
770,Klingen,haben,geklungen,"Sonar / ""Tintinear""",B2.4,12/06/20,,
771,Vermitteln,haben,vermittelt,Impartir / Gestionar / Proporcionar,B2.4,12/06/20,,
772,Zufriedenstellen,haben,zufriedengestellt,Satisfacer,B2.4,12/06/20,,
773,Befinden,haben,befunden,Encontrarse,B2.4,12/06/20,,
774,Bewässern,haben,bewässert,Irrigar / Regar,B2.4,12/06/20,,
775,Experimentieren,haben,experimentiert,Experimentar,B2.4,12/06/20,,
776,Flitzen,sein,geflitzt,"Ir ""volando""",B2.4,12/06/20,,
777,Inspirieren,haben,inspiriert,Inspirar,B2.4,12/06/20,,
778,Pflücken,haben,gepflückt,Recoger / Recolectar,B2.4,12/06/20,,
779,Variieren,haben,variiert,Variar,B2.4,12/06/20,,
780,Zwinkern,haben,gezwinkert,Parpadear / Guiñar,B2.4,12/06/20,,
781,Liegen,haben,gelegen,Hallarse / Estar ubicado,B2.4,12/06/20,,
782,Sehen,haben,gesehen,Ver,B2.4,12/06/20,,
783,Bereuen,haben,bereut,Arrepentirse,B2.4,12/06/20,,
784,Verkleiden,haben,verklitten,Disfrazarse / Recubrir,B2.4,12/06/20,,
785,Wuchs,sein,gewachsen,Crecer,B2.4,12/06/20,,
786,Ausüben,haben,ausgeübt,Ejercer / Desempeñar / Practicar,B2.4,12/06/20,,
787,Engagieren,haben,engagiert,Contratar,B2.4,12/06/20,,
788,Anstecken,haben,angesteckt,Contagiar / Infectar,B2.4,12/06/20,,
789,Einreiben,haben,eingerieben,Frotar,B2.4,12/06/20,,
790,Übertreiben,haben,übertrieben,Exagerar / Engrandecer,B2.4,12/06/20,,
791,Vermeiden,haben,vermieden,Evitar,B2.4,12/06/20,,
792,Abhalten,haben,abgehalten,Desalentar / Rechazar,B2.4,12/06/20,,
793,Auskennen,haben,ausgekannt,Conocer,B2.4,12/06/20,,
794,Blockieren,haben,blockiert,Bloquear,B2.4,12/06/20,,
795,Heilen,sein,geheilt,Curar,B2.4,12/06/20,,
796,Interpretieren,haben,interpretiert,Interpretar,B2.4,12/06/20,,
797,Praktizieren,haben,praktiziert,Practicar / Ejercer,B2.4,12/06/20,,
798,Regulieren,haben,reguliert,Regular,B2.4,12/06/20,,
799,Reizen,haben,gereizt,Irritar,B2.4,12/06/20,,
800,Abweichen,sein,abgewichen,Diferir / Discrepar,B2.4,12/06/20,,
801,Bewähren,haben,bewährt,Demostrar,B2.4,12/06/20,,
802,Deklarieren,haben,deklariert,Declarar,B2.4,12/06/20,,
803,Diagnostizieren,haben,diagnostiziert,Diagnosticar,B2.4,12/06/20,,
804,Integrieren,haben,integriert,Integrar,B2.4,12/06/20,,
805,Tolerieren,haben,toleriert,Tolerar,B2.4,12/06/20,,
806,Verabreichen,haben,verabreicht,Administrar / Suministrar,B2.4,12/06/20,,
807,Abbrechen,haben,abgebrochen,Fallar / Quebrarse / Truncar,B2.4,12/06/20,,
808,Applaudieren,haben,applaudiert,Aplaudir,B2.4,12/06/20,,
809,Bezeichnen,haben,bezeichnet,Denominar / Caracterizar / Denotar,B2.4,12/06/20,,
810,Verschlucken,haben,verschluckt,Tragar / Deglutir,B2.4,12/06/20,,
811,Einnehmen,haben,eingenommen,Hacerse cargo / Embarcar / Forzar,B2.4,12/06/20,,
812,Entspringen,sein,entsprungen,Huir / Evadir,B2.4,12/06/20,,
813,Angreifen,haben,angegriffen,Agredir / Debilitar,B2.4,12/06/20,,
814,Entstehen,sein,entsanden,Surgir / Formarse / Proceder,B2.4,12/06/20,,
815,Gelangen,sein,gelangt,Lograr / Conseguir / Llegar,B2.4,12/06/20,,
816,Grillieren,haben,grilloren,Asar a la parrilla,B2.4,12/06/20,,
817,Parkieren,haben,parkiert,Estacionar,B2.4,12/06/20,,
818,Zügeln,haben,gezügelt,Contener,B2.4,12/06/20,,
819,Bemerken,haben,bemerkt,Notar / Percibir / Descubrir,B2.4,12/06/20,,
820,Aufgreifen,haben,aufgegriffen,Capturar / Retomar,B2.4,12/06/20,,
821,Aufwachsen,haben,aufgewachsen,Crecer,B2.4,12/06/20,,
822,Ausgrenzen,haben,ausgegrenzt,Marginar,B2.4,12/06/20,,
823,Beherrschen,haben,beherscht,Dominar / Reinar sobre / Poseer,B2.4,12/06/20,,
824,Eingehen,sein,Eingegangen,Ingresar / Arreglarse,B2.4,12/06/20,,
825,Bestehen,haben,bestanden,Consistir / Insistir / Soportar / Sufrir / Salir victorioso,B2.4,12/06/20,,
